id,final_plastic,sequence,start_updates,duration_updates
single_runs_1,False,C0000-C0101-C1010-C0101-C1010-C1111-C1010-C1111-C1010-C1011-C0001-C1011-C1010-C1011-C0000-C1010-C0101-C1010-C0101-C1010-C0101-C1010-C0101-C1010-C0101-C1010-C0101-C1010-C1111-C1010-C1111-C1010-C0101-C1010-C0101-C1010-C0101-C1010-C0101-C1010-C0101-C1010-C0101-C1010-C0101-C1010-C0101-C1010-C0000-C1010-C0101-C1010-C0101-C1010-C0101-C1010-C0101-C1010-C0000-C0101-C1010-C0101-C1010-C0101-C1010-C0101-C0000-C1010-C0101-C1010-C0101-C1010-C0101-C0000-C0101-C1010-C0101-C1010-C0101-C1010-C0101-C1010-C0101-C1010-C0101-C1010-C0101-C0000-C0101-C0000-C1111-C1010-C0000-C1010-C0101-C1010-C0101-C1010-C0101-C1111-C1010-C0101-C1010-C0101-C1010-C0101-C1010-C0101-C1010-C0101-C1010-C0101-C1010-C0101-C1010-C0101-C1010-C0101-C1010-C0101-C1010-C0101-C1010-C0101-C1010-C1111-C0101-C1010-C0101-C1010-C0101-C1010-C0101-C1010-C0101-C1010-C0101-C1010-C0101-C1010-C0101-C1010-C0101-C1010-C0101-C1010-C0101-C1010-C0101-C1010-C0101-C1010-C0101-C1010-C0000-C0101-C1010-C0101-C1010-C0101-C1010-C0101-C1010-C0101-C1010-C0101-C1010-C0101-C1010-C0101-C1010-C0101-C1010-C0101-C1010-C0101-C1010-C0101-C1010-C0101-C1010-C1111-C1010-C0101-C1010-C0101-C1010-C0101-C1010-C0101-C1010-C0101-C1110-C1010-C0101-C1010-C0101-C1010-C0101-C1111-C1010-C0101-C1010-C0101-C1010-C0101-C1010-C0101-C1010-C0101-C1010-C0101-C1010-C0101-C1010-C0101-C1010-C0101-C1010-C0101-C1010-C0101-C1010-C0101-C1010-C0101-C1010-C0101-C1010-C0101-C1010-C0101-C1010-C0101-C1010-C0101-C1010-C0101-C1010-C0101-C1010,0-11144-11800-13503-13601-17503-17646-20097-20200-20292-21512-24039-24077-24100-24406-24414-24502-25000-25702-25800-26301-27602-28103-28202-28702-29801-31100-31201-32266-32410-32491-32813-33898-34001-34099-34201-34302-36001-36099-36200-36300-37400-37500-37602-38699-38800-39500-40202-40895-41412-41500-41799-41901-42004-42500-42800-44103-45003-45099-45112-45199-45303-45401-45701-46000-47100-47195-47819-48105-48201-48299-48401-48503-48601-48606-50001-50301-50602-51499-52202-52301-52603-52903-53200-56504-56603-58900-59992-60008-60199-60806-60811-62703-63807-63902-64001-64100-64201-64300-64399-65011-65300-65399-65701-65803-65900-66000-66101-66201-66302-66800-66905-67002-67105-67200-67301-67403-67504-67604-67700-67807-67901-68000-68101-68600-68661-68702-68801-68903-69403-69706-69801-70303-70402-70503-70600-70702-71200-71501-71600-71702-71801-73100-73202-73302-73401-73504-73603-73705-73803-73901-74003-74104-74201-74302-74309-74402-74702-75800-75903-76004-76303-77403-77502-77799-77902-80402-80701-80803-80904-80996-81103-81201-82301-82405-82501-82603-83100-83201-83303-83403-83501-83599-83701-83800-84100-84201-84299-84403-84503-85001-85102-85200-85210-85300-86005-86500-86602-87101-88600-88620-88699-88800-88903-89001-89101-90602-90702-90802-90904-91000-91102-91201-91303-91402-92307-92402-92501-92601-92701-92803-92902-93400-93505-94001-94103-94204-94304-94404-94702-96400-96504-96600-96701-99004-99101-99203-99302-99403-99501-99601,11144-656-1703-98-3902-143-2451-103-92-1220-2527-38-23-306-8-88-498-702-98-501-1301-501-99-500-1099-1299-101-1065-144-81-322-1085-103-98-102-101-1699-98-101-100-1100-100-102-1097-101-700-702-693-517-88-299-102-103-496-300-1303-900-96-13-87-104-98-300-299-1100-95-624-286-96-98-102-102-98-5-1395-300-301-897-703-99-302-300-297-3304-99-2297-1092-16-191-607-5-1892-1104-95-99-99-101-99-99-612-289-99-302-102-97-100-101-100-101-498-105-97-103-95-101-102-101-100-96-107-94-99-101-499-61-41-99-102-500-303-95-502-99-101-97-102-498-301-99-102-99-1299-102-100-99-103-99-102-98-98-102-101-97-101-7-93-300-1098-103-101-299-1100-99-297-103-2500-299-102-101-92-107-98-1100-104-96-102-497-101-102-100-98-98-102-99-300-101-98-104-100-498-101-98-10-90-705-495-102-499-1499-20-79-101-103-98-100-1501-100-100-102-96-102-99-102-99-905-95-99-100-100-102-99-498-105-496-102-101-100-100-298-1698-104-96-101-2303-97-102-99-101-98-100-399
single_runs_10,True,C0000-C0101-C1010-C0000-C1010-C1011-C0001-C1011-C0001-C1011-C0001-C1011-C0001-C1011-C0001-C1001-C1011-C1001,0-4779-5622-6902-7013-14418-18106-26186-30522-31594-32311-32967-33510-38190-38653-49396-49623-49702,4779-843-1280-111-7405-3688-8080-4336-1072-717-656-543-4680-463-10743-227-79-50298
single_runs_11,True,C0000-C0101-C0000-C0101-C0000-C0101-C0000-C0101-C0000-C0101-C1101-C0101-C1101-C0101-C1101-C1001,0-6905-9402-9513-9602-9757-9798-10137-10398-10700-13175-13512-20520-29753-33910-41562,6905-2497-111-89-155-41-339-261-302-2475-337-7008-9233-4157-7652-58438
single_runs_12,True,C0000-C1010-C0000-C1010-C0000-C1010-C1111-C1010-C1011-C1010-C1011-C1111-C0101-C0001-C0101-C0001-C0101-C0001-C0101-C0001-C0101-C0001-C0101-C0001-C0101-C0001-C0101-C0001-C0101-C0001-C1011-C0001-C1011-C0001-C1011-C0001-C1011-C0001-C1011-C0001-C1011-C0001-C1011-C0001-C1011-C1001,0-12842-13439-13453-14701-15021-17297-17415-17852-18613-18688-19913-20141-21980-28116-28785-28897-32360-33117-34209-34717-35195-35915-35962-36317-36392-36515-36595-36718-36802-38403-38512-38596-39108-39419-40100-40203-40499-41144-43901-44002-46501-47203-51102-51191-51217,12842-597-14-1248-320-2276-118-437-761-75-1225-228-1839-6136-669-112-3463-757-1092-508-478-720-47-355-75-123-80-123-84-1601-109-84-512-311-681-103-296-645-2757-101-2499-702-3899-89-26-48783
single_runs_13,False,C0000-C1010-C0101-C1010-C1111-C1010-C0101-C1010-C0101-C1010-C0101-C1010-C0101-C1010-C0101-C1010-C0101-C1010-C0101-C0000-C0101-C1010-C0101-C1010-C0101-C1111-C1010-C0101-C1010-C0101-C1111-C0101-C1010-C0101-C1010-C0101-C1010-C0101-C1010-C0101-C1010-C0101-C1010-C0101-C1010-C0101-C1010-C0101-C1010-C0101-C1010-C0101-C1010-C0101-C1010-C0101-C1010-C0101-C1010-C0101-C1010-C0101-C1010-C0101-C1010-C0101-C1010-C0101-C1010-C0101-C1010-C0101-C1010-C0101-C1010-C0101-C1010-C0101-C1010-C0101-C1010-C0101-C1010-C0101-C1010-C0101-C1010-C0101-C1010-C0101-C1010-C0101-C1010-C0101-C1010-C0101-C1010-C0101-C1010-C0101-C1010-C0101-C1010-C0101-C1010-C0101-C1010-C0101-C1010-C0101-C1010-C0101-C1010-C0101-C1010-C0101-C1010-C0101-C1010-C0101-C1010-C0101-C1010-C0101-C1010-C0101-C1010-C0101-C1010-C0101-C1010-C0101-C1010-C0101-C1010-C0101-C1010-C0101-C1010-C0101-C1010-C0101-C1010-C0101-C1010-C0101-C1010-C0101-C1010-C0101-C1010-C0101-C1010-C0101-C1111-C0101-C1010-C0101-C1010-C0101-C1010-C0101-C1010-C0101-C1010-C0101-C1010-C0101-C1010-C0101-C1010-C0101-C1010-C0101-C1010-C0101-C1010-C0101-C1010-C0101-C1010-C0101-C1010-C0101-C1010-C0101-C1010-C0101-C1010-C0101-C1010-C0101-C1010-C0101-C1010-C0101-C1010-C0101-C1010-C0101-C1010-C0101-C1010-C0101-C1010-C0101-C1010-C0101-C1010-C0101-C1010-C0101-C1010-C0101-C1010-C0101-C1010-C0101-C1010-C0101-C1010-C0101-C1010-C0101-C1010-C0101-C1010-C0101-C1010-C0101-C1010-C0101-C1010-C0101-C1010-C0101-C1010-C0101-C1010-C0101-C1010-C0101-C1111-C1010-C0101-C1010-C0101-C1010-C0101-C1010-C0101-C1010-C0101-C1010-C0101-C1010-C0101-C1010-C0101-C1010-C0101-C1010-C0101-C1010-C0101-C1010-C0101-C1010-C0101-C1010-C0101-C1010-C0101-C1010-C0101-C1010-C0101-C1010-C0101-C1010-C0101-C1010-C0101-C1010-C0101-C1010-C0101-C1010-C0101-C1010-C0101-C1010-C0101-C1010-C0101-C1010-C0101-C1010-C0101-C1010-C0101-C1010-C0101-C1010-C0101-C1010-C0101-C1010-C0101-C1010-C0101-C1010-C0101-C1010-C0101-C1010-C0101-C1010-C0101-C1010-C0101-C1010-C0101-C1010-C0101-C1010-C0101-C1010-C0101-C1010-C0101-C1010-C0101-C1010-C0101-C1010-C0101-C1010-C0101-C1010-C0101-C1010-C0101-C1010-C0101-C1010-C0101-C1010-C0101-C1010-C0101-C1010-C0101-C1010-C0101-C1010-C0101-C1010-C0101-C1010-C0101-C1010-C0101-C1010-C0101-C1010-C0101-C1010-C0101-C1010-C0101-C1010-C0101-C1010-C0101-C1010-C0101-C1010-C0101-C1010-C0101-C1010-C0101-C1010-C0101,0-10237-13502-18207-30298-30409-30507-30602-30903-31002-31500-34000-34102-40199-40701-40799-41300-42000-42301-44003-44927-45000-45304-45403-45501-45804-48008-48101-52401-52502-52508-52508-53201-55302-57599-57702-57803-57901-58200-58301-58401-58501-58603-58704-58802-58900-59001-59106-59202-59301-59404-59500-59600-59699-59802-59904-59999-60100-60202-60304-60408-60501-60602-60703-60804-60904-60986-61103-61201-61303-61402-61499-61602-61700-61799-61903-62001-62100-62202-62305-62401-62500-62605-62703-62803-63900-63998-64111-64202-64303-64403-64500-64603-64701-64803-64903-65000-65104-65200-65302-65400-65501-65602-65703-65801-65900-66001-66104-66199-66299-68404-68501-68603-68703-68805-68913-69004-69105-69199-69302-69406-69501-69605-69701-69803-69901-70005-70101-70204-70303-70405-70500-70601-70703-70809-70911-71003-71113-71202-71305-71405-71506-71604-71706-71802-71904-72000-72111-72206-72305-72401-72504-72602-72701-72715-72719-72813-72913-73000-73102-73200-73300-73401-73502-73601-73702-73801-73900-74000-74102-74203-74301-74404-74503-74602-74705-74805-74905-75003-75103-75203-75301-75403-75505-75602-75704-75801-75900-76002-76102-76199-76299-76400-76501-76600-76705-76801-76905-77014-77104-77202-77301-77401-77505-77602-77700-77800-77905-78002-78100-78204-78305-78400-78501-78600-78702-78803-78902-79003-79099-79204-79302-79400-79500-79603-79704-79800-79899-80000-80099-80204-80304-81005-81101-81204-81299-81403-81498-81603-81700-81801-81899-81991-82000-82101-82205-82305-82399-82505-82600-82699-82801-82906-83000-83104-83203-83307-83400-83502-83599-83704-83805-83903-83999-84103-84205-84304-84403-84514-84604-84702-84802-84901-85001-85104-85201-85299-85401-85498-85600-85701-85800-85904-86001-86101-86203-86298-86400-86503-86603-86702-86801-86903-87002-87102-87201-87301-87401-87502-87602-87700-87799-87899-88001-88103-88201-88300-88400-88502-88600-88699-88801-88903-88999-89102-89203-89304-89401-89504-89600-89700-89800-89901-90000-90102-90205-90299-90401-90502-90604-90704-90799-90902-91000-91101-91201-91299-91401-91503-91601-91701-91799-91903-91999-92100-92201-92300-92401-92505-92601-92703-92806-92902-93000-93103-93205-93300-93603-93700-93800-96500-96599-96699-96802-96901-97002-97101-97202-97304-97404-97712-97800-97900-97999-98102-98203-98303-98402-98502-98602-98704-98801-98901-99001-99105,10237-3265-4705-12091-111-98-95-301-99-498-2500-102-6097-502-98-501-700-301-1702-924-73-304-99-98-303-2204-93-4300-101-6-0-693-2101-2297-103-101-98-299-101-100-100-102-101-98-98-101-105-96-99-103-96-100-99-103-102-95-101-102-102-104-93-101-101-101-100-82-117-98-102-99-97-103-98-99-104-98-99-102-103-96-99-105-98-100-1097-98-113-91-101-100-97-103-98-102-100-97-104-96-102-98-101-101-101-98-99-101-103-95-100-2105-97-102-100-102-108-91-101-94-103-104-95-104-96-102-98-104-96-103-99-102-95-101-102-106-102-92-110-89-103-100-101-98-102-96-102-96-111-95-99-96-103-98-99-14-4-94-100-87-102-98-100-101-101-99-101-99-99-100-102-101-98-103-99-99-103-100-100-98-100-100-98-102-102-97-102-97-99-102-100-97-100-101-101-99-105-96-104-109-90-98-99-100-104-97-98-100-105-97-98-104-101-95-101-99-102-101-99-101-96-105-98-98-100-103-101-96-99-101-99-105-100-701-96-103-95-104-95-105-97-101-98-92-9-101-104-100-94-106-95-99-102-105-94-104-99-104-93-102-97-105-101-98-96-104-102-99-99-111-90-98-100-99-100-103-97-98-102-97-102-101-99-104-97-100-102-95-102-103-100-99-99-102-99-100-99-100-100-101-100-98-99-100-102-102-98-99-100-102-98-99-102-102-96-103-101-101-97-103-96-100-100-101-99-102-103-94-102-101-102-100-95-103-98-101-100-98-102-102-98-100-98-104-96-101-101-99-101-104-96-102-103-96-98-103-102-95-303-97-100-2700-99-100-103-99-101-99-101-102-100-308-88-100-99-103-101-100-99-100-100-102-97-100-100-104-895
single_runs_14,True,C0000-C1010-C0101-C1010-C0001-C1011-C0001-C0101-C0001-C0101-C0001-C0101-C0001-C0101-C0001-C1011-C1111-C1011-C1111-C1011-C1111-C1011-C1111-C1011-C0001-C0101-C0001-C0101-C1011-C0001-C1011-C1111-C1011-C1111-C1011-C1111-C1011-C0001-C0101-C0001-C0101-C1011-C0001-C1011-C0101-C1111-C1011-C1111-C1011-C0001-C1011-C1111-C1011-C1111-C1011-C1111-C1011-C1111-C1011-C1111-C1011,0-11891-13706-15401-30302-30510-30732-30742-31600-39532-39603-40167-40197-40311-40426-40771-40914-40981-42133-42203-43120-43254-44116-44183-45516-45527-45588-48110-48201-48915-49191-55817-55907-58133-58193-58911-58981-76914-77940-77991-78109-78190-78510-78579-78709-78782-78797-78910-79039-81315-81602-88925-89403-90111-90603-90710-90785-90911-91005-92124-92186,11891-1815-1695-14901-208-222-10-858-7932-71-564-30-114-115-345-143-67-1152-70-917-134-862-67-1333-11-61-2522-91-714-276-6626-90-2226-60-718-70-17933-1026-51-118-81-320-69-130-73-15-113-129-2276-287-7323-478-708-492-107-75-126-94-1119-62-7814
single_runs_15,True,C0000-C1010-C0000-C1010-C0000-C1010-C0001-C1011-C0101-C0001-C0101-C0001-C0101-C1111-C0101-C0001-C0101-C0001-C0101-C0001-C0101-C0001-C0101-C0001-C0101-C0001-C0101-C1011-C0101-C1011-C0101-C0001-C0101-C0001-C0101-C1011-C0001-C1011-C1010-C0101-C1011-C0001-C0000-C0001-C1011-C0101-C1011-C0001-C0101-C1011-C0101-C0001-C0101-C0001-C0101-C0001-C0101-C0001-C0101-C0001-C1011-C0001-C1011-C0001-C1011-C0001-C1010-C0001-C1011-C0001-C1011-C0001-C1011-C0001-C1011-C1001-C0001-C1001,0-13992-23418-23639-24525-24617-25104-26617-28520-31206-31306-33335-33518-33595-33716-34525-34716-35007-35315-37199-37600-37997-38118-38406-41323-41516-41934-42609-43911-54401-54505-54595-55126-55203-55309-55382-56697-57603-58034-58104-58201-58500-63599-63910-64227-64302-65208-66503-66512-66594-67108-67204-67718-67801-67916-68001-68126-68185-68614-70974-71203-74299-77581-82705-82801-83512-83600-83699-83950-86903-87000-87100-87600-87696-87799-87813-87896-88753,13992-9426-221-886-92-487-1513-1903-2686-100-2029-183-77-121-809-191-291-308-1884-401-397-121-288-2917-193-418-675-1302-10490-104-90-531-77-106-73-1315-906-431-70-97-299-5099-311-317-75-906-1295-9-82-514-96-514-83-115-85-125-59-429-2360-229-3096-3282-5124-96-711-88-99-251-2953-97-100-500-96-103-14-83-857-11247
single_runs_16,True,C0000-C0101-C0000-C0101-C0001-C1101-C1001-C0101-C1001-C1101-C1001,0-10543-10740-12107-12203-12554-19847-55127-55191-75440-75736,10543-197-1367-96-351-7293-35280-64-20249-296-24264
single_runs_17,True,C0000-C0101-C0000-C1010-C0101-C1010-C0101-C1010-C1011-C0001-C0000-C0001-C0000-C0001-C1111-C0101-C1011-C1010-C1011-C1001-C1101-C1011-C1101-C0000-C1101-C1001,0-17329-17402-17819-18496-18805-19901-20218-22307-23124-24409-24705-24718-24721-26311-26339-26405-30048-30099-30844-34944-60601-60701-61200-61210-61345,17329-73-417-677-309-1096-317-2089-817-1285-296-13-3-1590-28-66-3643-51-745-4100-25657-100-499-10-135-38655
single_runs_18,True,C0000-C1010-C1011-C0101-C0001-C0101-C0001-C0101-C0001-C0101-C0001-C0101-C1011-C1101-C0101-C1101-C1001,0-10815-14503-15487-19785-20134-20637-20925-21196-21320-21431-21907-22002-23510-31920-31922-32550,10815-3688-984-4298-349-503-288-271-124-111-476-95-1508-8410-2-628-67450
single_runs_19,True,C0000-C0101-C0000-C0101-C0000-C0101-C0000-C1010-C1111-C1010-C1011-C0001-C1010-C1011-C0001-C1011-C0001-C1011-C0001-C1011-C0001-C1011-C0001-C1011-C0001-C1011-C0001-C1011-C0001-C1011-C0001-C1011-C0001-C1011-C0001-C1011-C0001-C1011-C0001-C1011-C0001-C1001,0-4341-5600-5945-7601-8309-10394-10446-11147-11224-12452-12521-16804-16894-16921-17005-17109-17161-19105-23395-23513-26120-27911-28589-28712-32603-32715-33592-33710-34596-34711-34743-38315-39117-39715-41998-46398-50003-50109-52596-53112-59786,4341-1259-345-1656-708-2085-52-701-77-1228-69-4283-90-27-84-104-52-1944-4290-118-2607-1791-678-123-3891-112-877-118-886-115-32-3572-802-598-2283-4400-3605-106-2487-516-6674-40214
single_runs_2,True,C0000-C0101-C0000-C0101-C0000-C1010-C0101-C1010-C0000-C0001-C0101-C0001-C1011-C1111-C1011-C0001-C1011-C0001-C1011-C0001-C1010-C1011-C0001-C1011-C0001-C1011-C0001-C1011-C0001-C0101-C1111-C1011-C0001-C1011-C0001-C1010-C0001-C1011-C0001-C1011-C0001-C1011-C1111-C0101-C0001-C1010-C0001-C1010-C1011-C0001-C0000-C0001-C1011-C1010-C1011-C0001-C1011-C0001-C1011-C0001-C1011-C0001-C1011-C0001-C1011-C0001-C1011-C0001-C1011-C1010-C1011-C0001-C1011-C0001-C1011-C0001-C1011-C0001-C1011-C0001-C1010-C1011-C0001-C1011-C0001-C1011,0-8117-8586-8733-10403-10819-14111-14995-16096-16207-16334-17757-18150-25897-26045-26091-27202-29302-29399-29502-30404-30425-30503-30604-33109-36001-36102-36203-36304-36911-37002-37014-38700-38799-40708-40800-40903-41001-42699-42800-42898-42999-44498-44506-44509-46203-46304-46399-46473-48698-51917-51919-52803-54009-54097-54102-54203-54300-54404-54910-57400-57498-60400-64102-64204-64300-64401-66700-66802-67409-67811-67903-68004-68101-68999-69502-70002-72101-73405-73701-75804-75844-76304-76401-78900-81204,8117-469-147-1670-416-3292-884-1101-111-127-1423-393-7747-148-46-1111-2100-97-103-902-21-78-101-2505-2892-101-101-101-607-91-12-1686-99-1909-92-103-98-1698-101-98-101-1499-8-3-1694-101-95-74-2225-3219-2-884-1206-88-5-101-97-104-506-2490-98-2902-3702-102-96-101-2299-102-607-402-92-101-97-898-503-500-2099-1304-296-2103-40-460-97-2499-2304-18796
single_runs_20,True,C0000-C0101-C1010-C0101-C1010-C0101-C1010-C0101-C1010-C0101-C1010-C0101-C1010-C0101-C1010-C0101-C1010-C0101-C1010-C0101-C1010-C0101-C1010-C0101-C1010-C0101-C1010-C0101-C1010-C0101-C1010-C0101-C0000-C0101-C1010-C0101-C1010-C0101-C1010-C0101-C1010-C0101-C1010-C0101-C1010-C0101-C1111-C0101-C1010-C0000-C0101-C1010-C0101-C1111-C1010-C0101-C1010-C0101-C1010-C1111-C0101-C1010-C0101-C1010-C0101-C1010-C1011-C0001-C1011-C0001-C1010-C0001-C1010-C0001-C1011-C0001-C1010-C0001-C1001,0-8134-8600-8702-9201-9504-9599-9696-11401-11499-13402-13502-13599-13700-17603-17901-18002-18304-20004-20104-20600-20900-21400-25300-25603-26901-30001-30100-30201-30703-31801-32297-32387-33125-33200-33299-34202-34299-35200-35301-36004-36102-36400-36502-36801-36901-36905-36906-37599-38892-40533-40601-40703-41402-41608-41701-42402-43899-44003-44102-44108-44200-44302-44400-44699-45002-45656-45696-46400-46500-47005-47297-47604-47698-54001-54105-54406-54504-54538,8134-466-102-499-303-95-97-1705-98-1903-100-97-101-3903-298-101-302-1700-100-496-300-500-3900-303-1298-3100-99-101-502-1098-496-90-738-75-99-903-97-901-101-703-98-298-102-299-100-4-1-693-1293-1641-68-102-699-206-93-701-1497-104-99-6-92-102-98-299-303-654-40-704-100-505-292-307-94-6303-104-301-98-34-45462
single_runs_21,True,C0000-C0101-C1010-C0000-C1010-C1011-C1010-C1011-C1010-C1011-C1111-C1011-C1001-C0001-C1001-C1101-C1001,0-9304-9603-16301-16624-21616-22424-22469-30825-30868-32233-32415-33098-39719-39729-40914-40962,9304-299-6698-323-4992-808-45-8356-43-1365-182-683-6621-10-1185-48-59038
single_runs_22,True,C0000-C1010-C0000-C0101-C0000-C0001-C1011-C0001-C1011-C0001-C1011-C0001-C1011-C0001-C1011-C0001-C1011-C0001-C1011-C0001-C1001-C0001-C1001-C0001-C1001,0-4475-6478-6529-7803-8088-9609-11111-11407-14113-14397-14515-15000-15113-16218-16306-16399-18915-20197-23303-23314-23514-24154-28900-28926,4475-2003-51-1274-285-1521-1502-296-2706-284-118-485-113-1105-88-93-2516-1282-3106-11-200-640-4746-26-71074
single_runs_23,False,C0000-C1010-C0000-C1010-C0000-C1010-C0101-C1010-C0101-C1010-C0101-C1010-C0101-C1010-C0101-C1010-C0101-C1010-C0101-C1010-C0101-C1010-C0101-C1010-C0101-C1010-C0101-C1010-C0101-C1010-C0101-C1010-C0101-C1010-C0101-C1010-C0101-C1010-C0101-C1010-C0101-C1010-C0101-C1010-C0101-C1010-C0101-C1010-C1111-C0101-C1010-C0101-C1010-C0101-C1010-C0101-C1010-C0101-C1010-C0101-C1010-C0101-C1010-C0101-C1010-C0101-C1010-C0101-C1010-C0101-C1010-C0101-C1010-C0101-C1010-C0101-C1010-C0101-C0000-C1111-C1010-C0101-C1010-C0101-C1010-C0101-C1010-C0101-C1010-C0101-C1010-C0101-C1010-C0101-C1010-C0101-C1010-C0101-C1010-C0101-C1010-C1111-C0101-C1010-C0101-C1010-C0101-C1010-C0101-C1010-C0101-C1010-C0101-C1010-C0101-C1010-C0101-C1010-C1011-C0001-C1011-C0001-C0101-C0001-C1011-C0001-C1011-C0101-C1011-C0001-C1010-C0001-C1010-C0001-C1010-C0101-C1111-C1010-C0101-C1010-C0101-C1010-C0101-C1111-C1010-C0101-C1010-C0101-C1010-C0101-C1010-C0101-C1010-C0101-C1010-C0101-C1010-C0101-C1010-C0101-C1010-C0101-C1010-C0101-C1010-C0101-C1010-C0101-C1010-C0101-C1010-C0101-C1010-C0101-C1010-C0000-C0101-C1111-C1010,0-6416-6881-7454-9518-9644-11499-12802-12902-13401-13904-14202-14301-15400-15500-16999-17101-17200-17287-17402-17503-18002-18299-19401-19500-20002-20102-20203-21499-22200-22303-22999-23502-23799-23907-24402-24502-25802-25901-27001-27301-27601-27699-28008-28899-29601-29701-30600-30698-30712-31001-31100-31200-31901-32402-33103-33398-34099-34999-35098-35201-35300-35602-35702-36399-36901-36999-37298-38400-38901-39400-39699-39798-40103-41403-41500-42399-42698-45394-45404-45407-45502-48600-49100-49403-49500-51198-51502-53000-53503-56201-57101-57199-57300-58801-59102-59201-59302-59599-59699-59802-60700-60709-62004-62100-62400-62501-63399-63702-63800-63901-64400-64501-65002-66306-66799-66899-67202-67689-68108-69202-69498-69549-70129-71608-72301-72399-72501-72599-72702-76201-76300-77801-77897-78607-78701-78806-78808-78899-79001-79501-79599-79699-79801-79813-80100-80202-80302-81001-81500-81600-81699-81802-82085-82199-83301-84202-84302-84600-84704-84801-84900-86599-86702-86799-87303-88000-89102-92399-92902-94802-94901-97001-97500-97802-98899-99109-99402-99408,6416-465-573-2064-126-1855-1303-100-499-503-298-99-1099-100-1499-102-99-87-115-101-499-297-1102-99-502-100-101-1296-701-103-696-503-297-108-495-100-1300-99-1100-300-300-98-309-891-702-100-899-98-14-289-99-100-701-501-701-295-701-900-99-103-99-302-100-697-502-98-299-1102-501-499-299-99-305-1300-97-899-299-2696-10-3-95-3098-500-303-97-1698-304-1498-503-2698-900-98-101-1501-301-99-101-297-100-103-898-9-1295-96-300-101-898-303-98-101-499-101-501-1304-493-100-303-487-419-1094-296-51-580-1479-693-98-102-98-103-3499-99-1501-96-710-94-105-2-91-102-500-98-100-102-12-287-102-100-699-499-100-99-103-283-114-1102-901-100-298-104-97-99-1699-103-97-504-697-1102-3297-503-1900-99-2100-499-302-1097-210-293-6-592
single_runs_24,True,C0000-C1010-C0000-C0101-C1010-C0000-C1010-C0000-C1010-C1011-C1010-C1011-C1010-C1011-C0001-C0101-C1111-C1011-C0001-C1011-C0001-C1011-C0001-C1011-C0001-C1001,0-8066-8163-8849-9003-9702-10130-13082-13232-19287-20793-20900-21421-21496-21677-21730-23385-23547-24108-24206-24313-26601-27898-29002-73503-84866,8066-97-686-154-699-428-2952-150-6055-1506-107-521-75-181-53-1655-162-561-98-107-2288-1297-1104-44501-11363-15134
single_runs_25,True,C0000-C1010-C0000-C0001-C1011-C0000-C0011-C1011-C1000-C1011-C0000-C1011-C1010-C0000-C1010-C1111-C0101-C0000-C0101-C1010-C0101-C0000-C1111-C0000-C1101-C0000-C1010-C1000-C0001-C1000-C1001-C1101-C1001,0-6211-7284-7503-7823-15469-16295-16831-16901-17262-19832-19833-20816-32228-32237-33105-33526-33985-34510-37202-38050-38935-40515-40938-43920-45320-57813-61889-62704-63601-63617-69197-72611,6211-1073-219-320-7646-826-536-70-361-2570-1-983-11412-9-868-421-459-525-2692-848-885-1580-423-2982-1400-12493-4076-815-897-16-5580-3414-27389
single_runs_26,False,C0000-C0101-C0000-C0101-C0000-C0101-C1010-C1111-C1010-C0000-C1010-C0000-C1010-C1111-C1010-C1111-C1010-C0101-C1010-C0101-C1010-C0101-C1010-C0101-C1010-C0101-C1010-C0101-C1010-C1111-C0101-C1010-C0000-C1010-C0101-C0000-C0101-C0000-C0101-C1010-C0101-C1010-C0101-C1010-C1111-C1010-C1111-C1010-C0000-C0101-C0000-C0101-C0000-C1010-C0101-C0000-C1010-C0101-C1010-C1111-C1010-C1111-C0101-C1010-C0101-C1010-C0101-C1010-C1111-C0101-C1010-C0101-C1010-C0101-C1010-C0101-C1010-C1111-C0101-C1010-C0101-C1010-C0101-C1010-C0101-C1010-C0101-C1010-C0101-C1111-C1010-C0101-C1010-C1111-C0101-C1010-C0101-C1010-C0101-C1010-C0101-C1010-C0101-C1111-C1010-C0101-C1010-C0101-C1010-C0101-C1010-C0101-C1010-C0101-C1010-C0101-C1111-C1010-C0000-C1010-C1111-C0101-C1010-C0101-C1010-C0101-C1010-C0101-C1010-C0101-C1010-C0101-C1010-C0101-C1010-C0101-C1010-C0101-C1010-C0101-C1010-C0101-C1010-C0101-C1010-C0101-C1010-C0101-C1010-C0101-C1010-C0101-C1010-C0101-C1010-C0101-C1010-C0101-C1010-C0101-C1010-C0101-C1010-C0101-C1010-C0101-C1010-C0101-C1010-C0101-C1010-C0101-C1010-C0101-C1010-C0101-C1010-C0101-C1010-C0101-C1010-C0101-C1010-C0101-C1010-C0101-C1010-C0101-C1010-C0101-C1010-C0101-C1010-C0101-C1010-C0101-C1010-C1111-C0101-C1010-C0101-C1010-C0101-C1010-C0101-C1010-C0101-C1010-C0101-C1010-C0101-C1111-C1010-C0101-C1010-C0101-C1010-C0101-C1010-C1111-C0101-C1010-C0101-C1010-C0101-C1010-C0101-C1010-C0101-C1010-C0101-C1010-C0101-C1111-C1010-C0101-C1010-C0101-C1010-C1111-C1010-C0101-C1010-C0101-C1010-C0101-C1010-C0101,0-9162-9406-10292-12206-12314-13580-14302-14409-14506-14608-14900-15812-16094-16118-16302-16609-22906-23004-23289-23401-23700-23800-23901-24002-24100-24200-24301-24400-24498-24520-24599-24896-25231-25501-25585-25697-25797-26132-26202-26302-26401-26503-26601-26702-26798-27099-27208-27291-27495-28009-28109-28395-28617-29101-29140-29209-29301-29402-29489-29622-29703-29715-30599-30702-30803-31299-31802-31899-31910-32001-32297-33200-33503-33600-33700-33802-33902-33912-33999-34101-34200-34301-35401-35500-36603-36702-36802-36900-37204-37225-38302-38400-38903-38927-38999-40098-40599-40700-40800-40901-41400-41502-42199-42207-42301-42402-42501-43002-43103-43601-43699-43800-43900-44005-46499-46601-46606-46696-46908-48099-48109-48204-49700-49801-49899-50000-50099-50600-50701-51799-51901-52001-52100-52403-52501-52599-53103-53201-53299-53402-53502-55603-55702-55799-55901-56000-57700-57800-57902-58000-58100-58203-58301-59203-59301-61201-61300-61402-61499-61801-61902-62800-62901-64002-64500-64802-64900-65003-65099-67599-67898-68199-68502-68601-68701-72001-72101-74200-74300-75400-75501-76203-76499-77601-77902-78002-78099-78802-79500-80200-80707-81401-81502-81599-81700-81999-82300-82312-82401-84101-85199-85500-85802-85903-86198-86298-86399-86503-86602-86899-87002-87027-87104-87202-87302-87800-88098-88201-88504-88532-88601-88703-88801-88900-90004-90099-91004-91102-91199-91303-91403-91503-91606-91610-91701-91803-91900-92001-92087-92208-92300-92801-93102-98399-98503-99599-99704,9162-244-886-1914-108-1266-722-107-97-102-292-912-282-24-184-307-6297-98-285-112-299-100-101-101-98-100-101-99-98-22-79-297-335-270-84-112-100-335-70-100-99-102-98-101-96-301-109-83-204-514-100-286-222-484-39-69-92-101-87-133-81-12-884-103-101-496-503-97-11-91-296-903-303-97-100-102-100-10-87-102-99-101-1100-99-1103-99-100-98-304-21-1077-98-503-24-72-1099-501-101-100-101-499-102-697-8-94-101-99-501-101-498-98-101-100-105-2494-102-5-90-212-1191-10-95-1496-101-98-101-99-501-101-1098-102-100-99-303-98-98-504-98-98-103-100-2101-99-97-102-99-1700-100-102-98-100-103-98-902-98-1900-99-102-97-302-101-898-101-1101-498-302-98-103-96-2500-299-301-303-99-100-3300-100-2099-100-1100-101-702-296-1102-301-100-97-703-698-700-507-694-101-97-101-299-301-12-89-1700-1098-301-302-101-295-100-101-104-99-297-103-25-77-98-100-498-298-103-303-28-69-102-98-99-1104-95-905-98-97-104-100-100-103-4-91-102-97-101-86-121-92-501-301-5297-104-1096-105-296
single_runs_27,False,C0000-C0101-C0000-C0101-C0000-C1010-C1111-C1010-C0101-C1111-C1010-C1111-C0101-C1010-C0101-C1111-C0101-C1010-C0101-C1010-C0101-C1010-C1111-C0101-C1010-C0101-C1010-C1111-C0101-C1010-C0101-C1010-C0101-C1111-C1010-C0101-C1010-C0101-C1010-C0101-C1010-C0101-C1010-C0101-C1010-C0101-C1010-C0101-C0000-C0101-C1010-C0101-C1010-C0101-C1111-C1010-C1111-C0101-C1010-C0101-C1010-C0101-C1010-C0101-C1010-C0101-C1010-C0101-C1111-C1010-C1111-C0101-C1010-C0101-C1111-C1010-C0101-C1111-C1010-C0101-C1111-C1010-C0101-C1010-C0101-C1010-C0101-C1010-C0101-C1010-C0101-C1010-C0000-C1111-C1010-C0101-C1010-C0101-C1010-C0101-C1010-C0101-C1010-C0101-C1010-C0000-C0101-C1010-C0101-C1010-C0101-C1010-C0101-C1010-C0101-C1010-C0101-C1010-C0101,0-10566-10805-11109-12572-13804-14483-14506-36899-38185-38210-40902-40909-42604-42901-43909-43914-44201-44709-44800-45101-46801-47288-47307-47607-47699-49802-50099-50131-51399-52499-53201-54299-54399-54407-54502-54600-54702-54805-54900-54999-55100-55204-55701-55803-55900-56399-56503-56601-56920-61000-61500-61600-61704-62402-62410-62501-62510-63004-64900-66802-67102-67202-67302-67800-68103-69000-69102-70584-70609-70701-70719-71002-71101-76201-76209-76301-77401-77412-77501-77802-77809-78301-79003-79103-80801-81100-81199-81303-81602-81698-82600-83303-83311-83412-83500-83909-84701-86003-86101-86403-86702-88999-89499-89600-89895-89907-92004-92102-96600-96701-97001-97101-97201-97299-97800-97901-98799-98903,10566-239-304-1463-1232-679-23-22393-1286-25-2692-7-1695-297-1008-5-287-508-91-301-1700-487-19-300-92-2103-297-32-1268-1100-702-1098-100-8-95-98-102-103-95-99-101-104-497-102-97-499-104-98-319-4080-500-100-104-698-8-91-9-494-1896-1902-300-100-100-498-303-897-102-1482-25-92-18-283-99-5100-8-92-1100-11-89-301-7-492-702-100-1698-299-99-104-299-96-902-703-8-101-88-409-792-1302-98-302-299-2297-500-101-295-12-2097-98-4498-101-300-100-100-98-501-101-898-104-1097
single_runs_28,True,C0000-C1010-C0000-C0101-C0000-C1010-C0101-C1011-C0001-C1011-C0001-C1011-C0001-C1011-C0001-C1011-C0001-C1011-C0001-C1011-C0001-C1011-C0001-C1011-C0001-C1011-C0001-C1011-C0001-C1011-C0001-C1011-C0001-C1011-C1010-C1011-C0001-C1011-C0001-C1011-C0001,0-17195-17467-18923-18963-19756-25902-33213-39163-45209-45313-47576-48114-48384-50315-50392-50516-51418-51714-60380-60515-62209-62316-62392-62516-62599-62917-63203-67313-67399-68119-68194-75116-75191-77411-77477-83310-83403-84301-84393-98900,17195-272-1456-40-793-6146-7311-5950-6046-104-2263-538-270-1931-77-124-902-296-8666-135-1694-107-76-124-83-318-286-4110-86-720-75-6922-75-2220-66-5833-93-898-92-14507-1100
single_runs_29,False,C0000-C0101-C0000-C0101-C1010-C0000-C0101-C0000-C0101-C0000-C0101-C1111-C1010-C1111-C1010-C1111-C0101-C1111-C1010-C0101-C0001-C0101-C1010-C0101-C0000-C0101-C1010-C0101,0-2110-2203-2301-3404-3679-4101-5521-5901-7987-8917-17993-18212-22098-22224-54900-54906-71799-71806-71903-80163-81570-85392-85893-94708-94709-96002-96102,2110-93-98-1103-275-422-1420-380-2086-930-9076-219-3886-126-32676-6-16893-7-97-8260-1407-3822-501-8815-1-1293-100-3898
single_runs_3,True,C0000-C0101-C0000-C0101-C0000-C0101-C0000-C0101-C0000-C0101-C0000-C0101-C0000-C0101-C1010-C0000-C1010-C0101-C1010-C0101-C1010-C0000-C0101-C1101-C1001-C1011-C1001,0-8512-9990-10087-10543-10666-11263-11734-11806-11912-12366-12505-13000-13129-13604-14104-14411-16100-16189-18904-19189-19298-19534-22193-26551-32218-57529,8512-1478-97-456-123-597-471-72-106-454-139-495-129-475-500-307-1689-89-2715-285-109-236-2659-4358-5667-25311-42471
single_runs_30,True,C0000-C0101-C0000-C1000-C1010-C1000-C1010-C1101-C0001-C1000-C1010-C1000-C0001-C1000-C0001-C1000-C1001-C0001-C1001-C0001-C1001,0-11588-13783-13827-14605-16681-16819-17097-17304-21801-21814-21901-24103-24799-29302-29801-33490-34300-34344-69513-69587,11588-2195-44-778-2076-138-278-207-4497-13-87-2202-696-4503-499-3689-810-44-35169-74-30413
single_runs_31,True,C0000-C0101-C0000-C1111-C0101-C0000-C0001-C0101-C0001-C1000-C1010-C1111-C1011-C1010-C1011-C1111-C1011-C1111-C1101-C1011-C1101-C1111-C0101-C1101-C1111-C1101-C1111-C1011-C1111-C1011-C1001,0-7141-7200-7477-7508-10002-10117-10514-11167-11804-14443-24292-24423-24622-24628-30479-30492-30496-31085-31207-31222-36030-36512-36773-36952-37376-38083-38168-38778-38867-43522,7141-59-277-31-2494-115-397-653-637-2639-9849-131-199-6-5851-13-4-589-122-15-4808-482-261-179-424-707-85-610-89-4655-56478
single_runs_32,False,C0000-C1010-C1111-C1010-C0101-C1010-C1111-C0101-C1010-C0101-C1010-C0101-C1010-C1111-C0101-C1010-C0101-C1010-C0101-C1010-C0101-C1111-C1010-C0101-C1010-C0101-C1010-C0101-C1010-C0101-C1010-C0101-C1010-C0101-C1010-C0101-C1010-C0101-C1010-C0101-C1010-C0101-C1010-C0101-C1010-C0101-C1010-C0101-C1010-C0101-C1010-C0101-C1010-C0101-C1010-C0101-C1010-C0101-C1010-C0101-C1010-C0101-C1010-C0101-C1010-C0101-C0000-C1111-C1010-C0101-C1010-C1111-C0101-C1010-C0101-C1010-C0101-C1010-C0101-C1010-C0101-C1010-C0101-C1010-C0101-C1010-C0101-C1010-C0101-C1010-C0101-C1010-C0101-C1010-C0101-C1010-C0101-C1010-C0101-C1010-C0101-C1010-C0101-C1010-C0101-C1010-C0101-C1010-C0101-C1010-C0101-C1010-C0101-C1010-C0101-C1010-C0101-C1010-C0101-C1010-C0101-C1010-C0101-C1010-C0101-C1010-C0101-C1010-C0101-C1010-C0101-C1010-C0101-C1010-C0101-C1010-C0101-C1010-C0101-C1010-C0101-C1010-C0101-C1010-C0101-C1010-C0101-C1010-C0101-C1010-C0101-C1010-C0101-C1010-C0101-C1010-C0101-C1010-C0101-C1010-C0101-C1010-C0101-C1010-C0101-C1010-C0101-C1010-C0101-C1010-C0101-C1010-C0101-C1010-C0101-C1010-C0101-C1010-C0101-C1010-C0101-C1010-C0101-C1010-C0101-C1010-C0101-C0000-C0101-C1010,0-8567-10494-10508-11902-12999-13102-13111-13801-13901-14201-16097-16401-16504-16512-16602-16901-17403-17500-18803-18902-19002-19009-19102-19203-19300-19599-19699-19801-19901-21601-21901-22003-22102-27401-27700-28599-28702-30801-30899-31002-33101-34402-34503-35003-35100-35202-35303-36601-36700-36799-36899-38602-38703-38800-38901-38999-39100-39800-39899-40002-40100-40803-40898-41403-41498-41795-41811-41845-41901-42399-42502-42507-42599-43101-45002-45302-45399-45700-45798-46901-47002-47300-47401-47498-48401-48503-49600-50899-51404-51699-53000-53100-53201-54499-55399-55501-55602-56501-56602-56699-57001-57102-58799-58902-59001-59103-59200-59501-59600-59701-61203-61499-62801-63103-63201-63304-63602-63700-63999-64499-64805-64899-67202-67301-67403-67499-67600-67900-68004-68100-68403-68900-68999-69103-69203-69302-71401-71502-71804-72103-74401-76299-76405-78300-78404-78703-79000-79502-81400-81703-81800-81900-82199-82299-82402-82502-84403-84500-84600-84701-86401-86700-86801-86901-88201-88501-88602-88903-90603-91099-91203-91300-91403-91499-91603-91701-92004-93104-93401-93503-93600-93702-93800-95901-96602-97298-98388-99109-99202,8567-1927-14-1394-1097-103-9-690-100-300-1896-304-103-8-90-299-502-97-1303-99-100-7-93-101-97-299-100-102-100-1700-300-102-99-5299-299-899-103-2099-98-103-2099-1301-101-500-97-102-101-1298-99-99-100-1703-101-97-101-98-101-700-99-103-98-703-95-505-95-297-16-34-56-498-103-5-92-502-1901-300-97-301-98-1103-101-298-101-97-903-102-1097-1299-505-295-1301-100-101-1298-900-102-101-899-101-97-302-101-1697-103-99-102-97-301-99-101-1502-296-1302-302-98-103-298-98-299-500-306-94-2303-99-102-96-101-300-104-96-303-497-99-104-100-99-2099-101-302-299-2298-1898-106-1895-104-299-297-502-1898-303-97-100-299-100-103-100-1901-97-100-101-1700-299-101-100-1300-300-101-301-1700-496-104-97-103-96-104-98-303-1100-297-102-97-102-98-2101-701-696-1090-721-93-798
single_runs_33,True,C0000-C1010-C0101-C0000-C0101-C0000-C0101-C0000-C1010-C0101-C1111-C0101-C0000-C0101-C0001-C0101-C0001-C0101-C0001-C1011-C1001-C0001-C1001-C1101-C1001-C1011-C1001-C0000-C1001,0-10008-10521-14795-14899-14981-15118-15196-15215-15304-15601-15722-15765-16105-18386-18586-19113-19390-20761-25366-30831-48569-48585-54312-55068-56726-58715-88483-88519,10008-513-4274-104-82-137-78-19-89-297-121-43-340-2281-200-527-277-1371-4605-5465-17738-16-5727-756-1658-1989-29768-36-11481
single_runs_34,True,C0000-C0101-C0000-C0101-C1010-C0000-C1010-C0101-C1101-C1111-C1011-C1111-C1101-C1111-C1010-C1000-C1010-C0101-C1010-C1111-C1010-C0101-C1010-C1111-C1010-C0101-C1010-C1111-C0101-C1010-C0101-C1111-C1010-C1011-C0001-C1011-C0001-C1011-C1010-C0101-C1010-C0001-C1011-C0001-C1010-C0001-C1010-C0001-C1010-C0001-C1010-C0001-C1011-C0001-C1010-C0001-C1011-C0001-C1011-C0001-C1011-C0001-C1001,0-9709-9779-10095-11994-12050-12209-15904-21000-21219-21427-22504-22516-22601-22618-22850-22867-24105-24203-28287-28415-28902-29002-29500-29800-32500-32600-32701-32708-35199-35702-35800-35813-36210-36903-37000-38097-38201-38287-38302-38400-38502-38600-38698-40000-40304-40403-40503-40801-40899-40999-42301-43000-44700-44800-44900-45000-45101-48202-48500-51598-51687-51786,9709-70-316-1899-56-159-3695-5096-219-208-1077-12-85-17-232-17-1238-98-4084-128-487-100-498-300-2700-100-101-7-2491-503-98-13-397-693-97-1097-104-86-15-98-102-98-98-1302-304-99-100-298-98-100-1302-699-1700-100-100-100-101-3101-298-3098-89-99-48214
single_runs_35,False,C0000-C0101-C1111-C1010-C1111-C1010-C1111-C1010-C1111-C1010-C1111-C1010-C1011-C1010-C1011-C1010-C1011-C0101-C1011-C0001-C1011-C0001-C1011-C1010-C1011-C1010-C1000-C1010,0-12539-14199-14437-17701-17808-17903-18030-20498-20640-21497-21625-22897-23026-23086-23623-23688-34287-34383-35318-39602-41308-57006-67442-85036-85079-97684-98054,12539-1660-238-3264-107-95-127-2468-142-857-128-1272-129-60-537-65-10599-96-935-4284-1706-15698-10436-17594-43-12605-370-1946
single_runs_36,True,C0000-C1010-C0000-C1010-C0000-C0101-C1111-C0101-C1010-C1111-C0101-C0000-C1010-C0101-C0000-C0101-C0000-C1010-C0000-C0001-C1011-C1111-C1011-C0000-C1011,0-3462-3493-3798-4107-4210-4596-4946-4987-5301-5311-5403-5727-7706-8403-8505-8581-8636-9639-9711-10581-30218-30333-39234-41210,3462-31-305-309-103-386-350-41-314-10-92-324-1979-697-102-76-55-1003-72-870-19637-115-8901-1976-58790
single_runs_37,True,C0000-C0101-C0000-C0101-C0000-C0101-C0000-C1010-C0101-C1010-C0101-C0000-C0101-C1001-C1011-C1001-C1011-C1101-C1001-C1101-C1001-C1101,0-7976-8394-8500-9156-9551-9658-9848-10702-11000-11502-11990-12112-14852-16451-18306-18402-18703-19654-22315-30603-93655,7976-418-106-656-395-107-190-854-298-502-488-122-2740-1599-1855-96-301-951-2661-8288-63052-6345
single_runs_38,False,C0000-C0101-C0000-C0101-C0000-C0101-C0000-C0101-C0000-C0101-C0000-C1010-C0000-C1010-C1111-C1010-C0101-C0000-C0101-C1111-C1010-C0101-C0000-C1010-C0101-C0000-C1010-C0101-C1010-C0101-C1010-C0101-C1111-C1010-C0101-C0000-C0101-C0000-C0101-C0000-C0101-C0000-C0101-C0000-C1010-C1111-C0101-C1111-C1010-C0101-C0000-C0101-C0000-C0101-C1010-C0101-C1010-C0101-C0000-C0101-C1010-C0101-C1111-C1010-C0101-C1010-C0101-C1010-C0101-C1010-C0101-C1010-C0101-C1010-C0101-C1010-C0101-C1010-C0101-C1010-C0101-C1010-C0101-C1010-C0101-C0000-C0101-C1010-C0101-C1010-C0101-C1010-C0101-C1010-C0000-C1010-C0000-C1010-C0000-C1010-C0101-C1010-C0101-C0000-C0101-C1010-C0101-C1010-C0101-C1010-C0101-C1010-C0101-C1010-C0101-C1010-C0101-C1010-C0101-C1010-C0101-C1010-C0101-C1010-C0101-C1010-C0101-C1010-C0101-C1010-C0101-C1010-C0101-C1010-C0101-C1010-C0101-C1010-C0101-C1010-C0101-C1010-C0101-C1010-C0101-C1010-C0101-C1010-C0101-C1010-C0101-C1010-C0101-C1010-C0101-C1010-C0101-C1010-C0101-C1010-C0101-C1010-C1111-C0101-C1010-C0101-C1010-C0101-C1010-C0101-C1010-C0101-C1010-C0101-C1010-C0101-C1010-C0101-C1010-C0101-C1010-C0101-C1010-C0101-C1010-C0101-C1010-C0101-C1010-C1111-C1010-C0101-C1010-C0101-C1010-C0101-C1010-C0101-C1010-C0101-C1010-C0101-C1010-C0101-C1010-C0101-C1010-C0101-C1010-C0101-C1010-C0101-C1010-C0101-C1010-C0101-C1010-C0101-C1010-C0101-C1010-C0101-C1010-C0101-C1010-C0101-C1010-C0000-C1010-C0101-C1010-C0101-C1010-C1111-C1010-C1111-C0101-C1010-C0101-C1010-C0101-C1111-C1010-C0101-C1010-C0000-C0101-C1010-C0101-C1010-C0101-C1010-C0101-C1010-C0101-C1010-C0101-C1010-C0101-C1010-C0101-C1010-C0101-C1010-C0101-C1010-C0101-C1010-C0101-C1010-C0101-C1010-C0101-C1010-C0101-C1010-C0101-C1010-C0101-C1010-C0101-C1010-C0101-C1111-C1010-C0101-C1010-C0101-C1010-C0101-C1010-C0101-C1111-C0101-C1010-C1111-C0101-C1010-C0101-C1010-C0101-C1010-C0101-C1010-C0101-C1010-C0101-C1010-C0101-C1010-C0101-C1010-C0101-C1010-C0101-C1010-C0101-C1010-C0101-C1010-C0101-C1010-C0101-C1010-C0101-C1010-C0101-C1010-C0101-C1010-C0101-C1010-C0101-C1010-C0101-C1010-C0101-C1010-C0101-C1010-C0101-C1010-C0101-C1010-C0101-C1010-C0101-C1010-C0101-C1010-C0101-C1010-C0101-C1010-C0101-C1010-C0101-C1010-C0101-C1010-C0101-C1010-C0101-C1010-C0101,0-7025-7575-7884-8179-8310-8604-8699-8796-8901-9339-9604-10688-10810-14104-14617-17901-18002-18110-18208-18210-18301-18801-19010-19104-19201-19218-19302-19806-20706-20801-20902-21001-21234-21301-21600-21911-21998-22115-22200-22319-22386-22515-22597-22668-22902-22911-23200-23218-23301-23391-24316-24399-24524-24603-24702-24802-24901-24970-25108-25201-25301-26200-26209-26300-28204-28299-28606-28900-29402-29502-29803-30100-30801-30904-31600-31902-32002-32102-34200-35102-36200-36504-36601-38103-38202-38708-38803-38901-39002-39306-39784-40104-40805-40904-41210-41298-41612-41703-42013-42299-42400-42701-43203-43509-43802-43902-44000-44102-44202-44899-46803-46904-47001-47100-47604-47703-47804-49100-49201-49301-49404-49503-49604-49902-50000-50105-50200-50300-50402-50702-50803-50904-51000-51104-51200-51301-51404-51503-51603-51903-52003-52105-52400-52500-52599-52901-53602-53703-53805-53901-54005-54103-54804-54902-55403-55503-55603-55703-57204-57302-57401-57501-57509-57600-57703-57800-57904-59000-59300-59403-59502-59603-59704-59802-59899-60200-60300-60404-60499-60803-60902-61000-61101-61202-61299-61401-61501-61601-61607-61609-61901-62004-62102-62203-62301-62601-62702-64001-64101-64202-64301-64403-64504-64603-64702-64801-64900-64999-65104-65203-65304-65400-65505-65602-65704-65804-65902-66604-67303-67400-67503-68000-69302-70001-70102-70203-70275-70813-70900-71000-71104-71204-71304-71400-71504-71509-71601-71701-71800-71903-72004-72011-72102-72600-72902-72911-73001-73103-73803-74102-74201-74499-74602-74900-75000-75302-75400-75502-76803-77104-77799-78099-78402-79100-79202-80101-80205-80300-80404-80500-80601-80693-80801-81102-81200-81299-81403-81499-81804-81903-82001-82303-82403-82408-82501-82606-82701-82805-82901-83000-83101-83201-83305-84402-84501-84511-84602-84704-84802-84901-85204-85302-85401-85503-85600-85701-85804-85904-86003-86105-86202-86305-86401-86503-86605-86701-86800-86903-87002-87102-87203-87302-87604-87703-88201-88302-88399-88502-88602-88703-88800-88901-89202-89299-89400-90103-90803-91106-91401-91502-91802-91900-92002-92100-93002-93102-93602-93700-94402-94504-94601-94700-94801-94903-95801-95901-98602-98700-98803-99302-99602-99703-99801-99900,7025-550-309-295-131-294-95-97-105-438-265-1084-122-3294-513-3284-101-108-98-2-91-500-209-94-97-17-84-504-900-95-101-99-233-67-299-311-87-117-85-119-67-129-82-71-234-9-289-18-83-90-925-83-125-79-99-100-99-69-138-93-100-899-9-91-1904-95-307-294-502-100-301-297-701-103-696-302-100-100-2098-902-1098-304-97-1502-99-506-95-98-101-304-478-320-701-99-306-88-314-91-310-286-101-301-502-306-293-100-98-102-100-697-1904-101-97-99-504-99-101-1296-101-100-103-99-101-298-98-105-95-100-102-300-101-101-96-104-96-101-103-99-100-300-100-102-295-100-99-302-701-101-102-96-104-98-701-98-501-100-100-100-1501-98-99-100-8-91-103-97-104-1096-300-103-99-101-101-98-97-301-100-104-95-304-99-98-101-101-97-102-100-100-6-2-292-103-98-101-98-300-101-1299-100-101-99-102-101-99-99-99-99-99-105-99-101-96-105-97-102-100-98-702-699-97-103-497-1302-699-101-101-72-538-87-100-104-100-100-96-104-5-92-100-99-103-101-7-91-498-302-9-90-102-700-299-99-298-103-298-100-302-98-102-1301-301-695-300-303-698-102-899-104-95-104-96-101-92-108-301-98-99-104-96-305-99-98-302-100-5-93-105-95-104-96-99-101-100-104-1097-99-10-91-102-98-99-303-98-99-102-97-101-103-100-99-102-97-103-96-102-102-96-99-103-99-100-101-99-302-99-498-101-97-103-100-101-97-101-301-97-101-703-700-303-295-101-300-98-102-98-902-100-500-98-702-102-97-99-101-102-898-100-2701-98-103-499-300-101-98-99-100
single_runs_39,False,C0000-C0101-C0000-C1010-C1111-C0101-C1010-C0101-C1010-C1111-C0101-C1010-C0101-C1010-C0101-C1010-C0101-C1010-C0101-C1010-C0101-C1111-C1010-C0101-C1010-C0101-C1010-C0101-C1010-C0101-C0001-C1010-C0001-C1011-C0001-C1011-C0001-C1010-C0101-C0001-C1010-C0101-C1010-C0001-C1010-C0001-C1011-C0001-C1011-C0001-C1010-C0001-C1011-C0001-C1010-C0001-C1010-C0001-C1010-C0001-C1010-C0001-C1010-C0001-C1010-C0101-C1010-C0101-C1010-C1011-C0101-C1011-C0001-C1010-C0101,0-14514-20581-20645-20868-20904-21001-21101-21200-21304-21505-21599-21703-21803-21902-22002-22100-22202-22302-22400-23503-23604-23610-25100-26201-26303-26603-27102-27201-27699-28553-31602-31898-35005-37102-37401-39300-46000-46102-46129-46600-46903-47001-47700-47803-47903-49996-50298-54402-54496-54604-54697-55402-55499-60807-61301-64399-64499-65004-65498-69602-69696-79204-80300-95799-95901-96002-96500-96600-96656-98300-98402-99500-99601-99703,14514-6067-64-223-36-97-100-99-104-201-94-104-100-99-100-98-102-100-98-1103-101-6-1490-1101-102-300-499-99-498-854-3049-296-3107-2097-299-1899-6700-102-27-471-303-98-699-103-100-2093-302-4104-94-108-93-705-97-5308-494-3098-100-505-494-4104-94-9508-1096-15499-102-101-498-100-56-1644-102-1098-101-102-297
single_runs_4,False,C0000-C1010-C0000-C1010-C0001-C1011-C1111-C0101-C0001-C0101-C0001-C0101-C0001-C0101-C0001-C0101-C1111-C0101-C0001-C1011-C0001-C0101-C0001-C0101-C0001-C0101-C0001-C0101-C0001-C0101-C0001-C0101-C0001-C1011-C0001-C1010-C0101-C1010-C0101-C1010-C0101-C1010-C0101-C1010-C0101-C1010-C0101-C1010-C0000-C1010-C0101-C0000-C1010-C0000-C1010-C0000-C1010-C0101-C0000-C0101-C1010-C0101-C1010-C0101-C1010-C0101-C1010-C0101-C1010-C0101-C1010-C0101-C1010-C0101-C1010-C0101-C1010-C1111-C0101-C1010-C1111-C0101-C1010-C0101-C1010-C0101-C1010-C0101-C1010-C0101-C1010-C0101-C1010-C0101-C1010-C0101-C1010-C0101-C1010-C0101-C1010-C0101-C1010-C0101-C1010-C0101-C1010-C0101-C1010-C0101-C1010-C1111-C0101-C1010-C0101-C1010-C0101-C1010-C0101-C1010-C0101-C1010-C0101-C1010-C0101-C1010-C1111-C0101-C1010-C0101-C1010-C0101-C1010-C0101-C1010-C0101-C1010-C0101-C1010-C0101-C1010-C0101-C1010-C0101-C1010-C0101-C1010-C0101-C1010-C0101-C1010-C0101-C1010-C0101-C1010-C0101-C1010-C0101-C1010-C0101-C1010-C0101-C1010-C0101-C1010-C0101-C1010-C0101-C1010-C0101-C1010-C0101-C1010-C0101-C1010-C0000-C0101-C1010-C0101-C1010-C0101,0-14824-15896-16821-21108-23027-23869-24124-24786-27145-27325-27546-32175-34123-34189-34328-34402-34918-35393-35641-35921-36122-36204-36520-36996-37634-37996-39534-39590-40314-40968-40984-41958-43103-43119-47002-47301-47405-47503-47602-47703-47802-49702-49800-50301-51801-51900-52200-52690-52758-54101-54200-54816-55102-55412-55483-56070-56099-56189-56358-56412-56504-56601-56902-57003-57103-57203-57303-58001-58692-58802-58881-58985-59099-59203-59294-59386-59486-59511-59602-59688-59708-59802-59893-59997-61303-61402-61503-61595-61701-61801-62501-64003-64102-64201-64302-64401-64503-64602-64703-65203-65303-65391-65703-65801-65884-66601-66691-66802-66903-67802-68302-68705-69001-69101-69203-69303-70202-70301-71602-71703-72202-72301-74402-75101-75203-75902-75907-76002-76103-76202-76308-76402-76502-76602-77505-77603-77702-78203-78303-80602-80704-80803-80902-81002-81102-81202-81302-81403-82102-83601-83704-83803-83903-84003-84103-85202-85303-87202-92502-93203-95302-95403-95503-96003-96101-96201-96303-96401-96502-97402-97501-97603-97703-98203-99103-99107-99202-99702-99803-99902,14824-1072-925-4287-1919-842-255-662-2359-180-221-4629-1948-66-139-74-516-475-248-280-201-82-316-476-638-362-1538-56-724-654-16-974-1145-16-3883-299-104-98-99-101-99-1900-98-501-1500-99-300-490-68-1343-99-616-286-310-71-587-29-90-169-54-92-97-301-101-100-100-100-698-691-110-79-104-114-104-91-92-100-25-91-86-20-94-91-104-1306-99-101-92-106-100-700-1502-99-99-101-99-102-99-101-500-100-88-312-98-83-717-90-111-101-899-500-403-296-100-102-100-899-99-1301-101-499-99-2101-699-102-699-5-95-101-99-106-94-100-100-903-98-99-501-100-2299-102-99-99-100-100-100-100-101-699-1499-103-99-100-100-100-1099-101-1899-5300-701-2099-101-100-500-98-100-102-98-101-900-99-102-100-500-900-4-95-500-101-99-98
single_runs_40,True,C0000-C1010-C0101-C0001-C0101-C0001-C1011-C1111-C1011-C1010-C1011-C1010-C1011-C1001-C1101-C1001,0-5256-8292-15378-17913-17941-19606-41645-41682-50495-50867-64684-71250-75310-75736-94828,5256-3036-7086-2535-28-1665-22039-37-8813-372-13817-6566-4060-426-19092-5172
single_runs_41,True,C0000-C0101-C0000-C0001-C1011-C1111-C1011-C1111-C1011-C1001-C0001-C1001-C1101-C1001,0-14911-16532-16681-22605-34105-34112-34449-34687-62733-62749-62764-64159-64164,14911-1621-149-5924-11500-7-337-238-28046-16-15-1395-5-35836
single_runs_42,True,C0000-C0101-C1101-C1001-C1101-C0101-C1101-C1001-C1101-C1001-C1101-C1001,0-15700-20394-23371-23913-23921-24000-24158-28127-28177-30162-38935,15700-4694-2977-542-8-79-158-3969-50-1985-8773-61065
single_runs_43,True,C0000-C0101-C1010-C0101-C0000-C1010-C0000-C0101-C1010-C0101-C1010-C0000-C1010-C0000-C1010-C1111-C1010-C1111-C0000-C1010-C1111-C0101-C1111-C1010-C0101-C0000-C0101-C0000-C1010-C0000-C1010-C0101-C1010-C0101-C1010-C0101-C1010-C0101-C1010-C0101-C1010-C0101-C1010-C0101-C1010-C0101-C1010-C0101-C1010-C0101-C1010-C0101-C1010-C0101-C1010-C0101-C1010-C0101-C1010-C0101-C1010-C0101-C1010-C0101-C1010-C0101-C1010-C0101-C1010-C0101-C1010-C0101-C1010-C0101-C1010-C0101-C1010-C0101-C1010-C0101-C1010-C0101-C1010-C0101-C1010-C0101-C1010-C0101-C1010-C0101-C1010-C0101-C1010-C0101-C0001-C1011-C0001-C0101-C0001-C1011-C0001-C1011-C0001-C1011-C0001-C1011-C1010-C1011-C0101-C1011-C1010-C0001-C1011-C0001-C1011-C0001-C1011-C0001-C1011-C0001-C1010-C1011-C0001-C1011-C0001-C1011-C0001-C1011-C0001-C1010-C0001-C0000-C1011-C0001-C1011-C0101-C1011-C0001-C1010-C0001-C1010-C0000-C0001-C1011-C0001-C1011-C0001,0-6869-8195-9901-10203-11055-11106-11133-11602-11901-12206-13498-13821-16499-16623-16690-17009-18259-18489-18660-19411-19486-19724-19824-21100-23507-26109-26315-26402-26503-28603-29901-30000-30103-31401-31498-32200-32300-32601-32900-33002-33100-33201-34300-35203-35299-35601-35700-36402-36499-36601-36703-36799-36903-37001-37301-39599-39903-41001-41099-41602-41700-44602-44701-45198-45299-45400-45499-48601-48705-49402-49503-49600-49902-50408-50500-51008-51100-51602-51699-51800-51903-52001-53100-53606-53700-55400-55500-56002-56701-57401-57507-58006-58101-58532-60601-61101-61110-61125-63399-63501-67004-69900-70401-71298-72609-72613-72627-72703-72801-72808-72898-73203-73300-73408-74698-74803-74900-74998-75099-75203-75214-76103-76400-76700-77400-77498-78000-78101-78802-80100-82196-82206-82300-83001-84101-84198-90098-90604-90698-94604-94696-94707-96000-97706-98604-99104,6869-1326-1706-302-852-51-27-469-299-305-1292-323-2678-124-67-319-1250-230-171-751-75-238-100-1276-2407-2602-206-87-101-2100-1298-99-103-1298-97-702-100-301-299-102-98-101-1099-903-96-302-99-702-97-102-102-96-104-98-300-2298-304-1098-98-503-98-2902-99-497-101-101-99-3102-104-697-101-97-302-506-92-508-92-502-97-101-103-98-1099-506-94-1700-100-502-699-700-106-499-95-431-2069-500-9-15-2274-102-3503-2896-501-897-1311-4-14-76-98-7-90-305-97-108-1290-105-97-98-101-104-11-889-297-300-700-98-502-101-701-1298-2096-10-94-701-1100-97-5900-506-94-3906-92-11-1293-1706-898-500-896
single_runs_44,True,C0000-C0101-C0000-C0101-C0000-C0101-C0000-C0101-C0000-C0101-C0000-C0101-C0000-C0101-C0000-C0101-C0000-C0101-C1010-C0101-C1010-C0101-C1010-C0101-C1010-C0101-C1010-C0101-C1111-C1010-C0101-C1010-C0101-C1010-C0101-C1010-C0101-C1010-C0101-C1010-C0101-C1010-C0101-C1010-C0101-C1010-C0101-C1010-C0101-C1010-C0101-C0001-C1000-C0001-C1000-C0001-C1000-C1001,0-8266-8964-9320-11410-11519-13600-13699-13799-13899-13998-14119-14199-14308-14801-14913-15003-15106-21603-23303-23604-23696-24005-24293-24401-25290-25403-25702-26002-27469-27901-28001-28106-29002-29104-31202-31303-31803-33903-34004-34101-34201-34902-35003-35104-36603-36701-36803-36903-37603-37703-37923-38003-38100-38399-38500-38597-38672,8266-698-356-2090-109-2081-99-100-100-99-121-80-109-493-112-90-103-6497-1700-301-92-309-288-108-889-113-299-300-1467-432-100-105-896-102-2098-101-500-2100-101-97-100-701-101-101-1499-98-102-100-700-100-220-80-97-299-101-97-75-61328
single_runs_45,True,C0000-C1010-C0101-C1010-C0000-C1010-C0000-C0101-C0000-C0101-C0000-C0101-C0000-C0101-C0000-C0101-C1010-C1011-C0101-C0001-C0101-C0001-C0101-C1011-C0101-C1011-C0101-C1011-C0101-C1011-C0101-C1111-C0101-C1111-C0101-C1111-C1011-C1111-C1011-C1001-C1011-C1001-C1011-C1001-C1101-C1001-C0001-C1001,0-8610-10075-13002-14299-14408-16304-16307-16794-17123-17597-17707-17769-17914-17990-18114-18202-19475-19729-20194-20697-21585-23725-23733-23913-24193-25111-25192-25309-28203-28324-32391-32708-37919-38103-49802-49811-49812-49817-52305-57529-57591-60799-61515-63921-63981-84513-84717,8610-1465-2927-1297-109-1896-3-487-329-474-110-62-145-76-124-88-1273-254-465-503-888-2140-8-180-280-918-81-117-2894-121-4067-317-5211-184-11699-9-1-5-2488-5224-62-3208-716-2406-60-20532-204-15283
single_runs_46,True,C0000-C0101-C1010-C0000-C1010-C1111-C1010-C1111-C1010-C0000-C0001-C0101-C0001-C0101-C0001-C0101-C0001-C0101-C1111-C0101-C0001-C0101-C0001-C0101-C0001-C0101-C0001-C0101-C1111-C0101-C0001-C0101-C0001-C0101-C1111-C0101-C0001-C0101-C0001-C0101-C0001-C0101-C0001-C0101-C1111-C1011-C1010-C1011-C1010-C1011-C1010-C0101-C1010-C0101-C1101-C0001-C1101-C0001,0-11144-12806-20294-20417-22297-22826-22896-23027-24274-24282-29141-29401-29728-29772-29918-30996-31149-31402-31721-33906-34708-41794-42319-42774-43514-43518-44347-44790-44907-45147-45908-46138-46306-47791-48105-48794-48911-49401-49506-49988-50515-53192-53915-54397-55018-55220-55833-56625-56687-61210-81297-85596-85901-96906-97600-97951-98333,11144-1662-7488-123-1880-529-70-131-1247-8-4859-260-327-44-146-1078-153-253-319-2185-802-7086-525-455-740-4-829-443-117-240-761-230-168-1485-314-689-117-490-105-482-527-2677-723-482-621-202-613-792-62-4523-20087-4299-305-11005-694-351-382-1667
single_runs_47,True,C0000-C0101-C1010-C0000-C0001-C1010-C1011-C0001-C0101-C0001-C0101-C1101-C1001-C0001-C1011-C1001,0-9056-9396-10103-10128-10414-10461-10559-11924-13162-14510-15158-15560-15915-24612-24692,9056-340-707-25-286-47-98-1365-1238-1348-648-402-355-8697-80-75308
single_runs_48,True,C0000-C0101-C1010-C0001-C1011-C0001-C1011-C0101-C0001-C0101-C1011-C0101-C0001-C0101-C1011-C0101-C0001-C0101-C0001-C0101-C0001-C0101-C0001-C0101-C0001-C0101-C0001-C0101-C0001-C0101-C0001-C0101-C0001-C0101-C0001-C0101-C0001-C0101-C0001-C1011-C0001-C0101-C1101-C0101-C1101-C1001-C1011-C1001-C1011-C1001,0-8731-11195-17502-18783-19300-19404-19483-20777-20919-21601-22706-25002-25109-25195-25700-30119-30760-32732-32735-33146-33311-33312-33326-33335-33362-33407-33910-34166-34173-34181-34800-34910-37345-37368-44123-45556-45719-45793-46421-46711-46713-47157-47527-49314-49712-51025-53857-55423-67132,8731-2464-6307-1281-517-104-79-1294-142-682-1105-2296-107-86-505-4419-641-1972-3-411-165-1-14-9-27-45-503-256-7-8-619-110-2435-23-6755-1433-163-74-628-290-2-444-370-1787-398-1313-2832-1566-11709-32868
single_runs_49,True,C0000-C0101-C0000-C1010-C0101-C0000-C0101-C1010-C0000-C1010-C1111-C1010-C1111-C1010-C1011-C1010-C1011-C1010-C0001-C1010-C0001-C1011-C1010-C1111-C1010-C1000-C0001-C1001-C1011-C1101-C1001-C1000-C1001,0-7906-8801-9009-9500-10386-10551-11189-12704-12832-15302-15619-18301-18409-19698-21027-21070-21609-22106-31830-31901-33630-35201-35301-35406-35416-37698-37988-38438-40306-40886-42548-42557,7906-895-208-491-886-165-638-1515-128-2470-317-2682-108-1289-1329-43-539-497-9724-71-1729-1571-100-105-10-2282-290-450-1868-580-1662-9-57443
single_runs_5,True,C0000-C1010-C0101-C1010-C1000-C0001-C1000-C0001-C1000-C0001-C1000-C0001-C1000-C0001-C1000-C0001-C1000-C0001-C1000-C0001,0-12655-13706-16595-21703-28500-28604-29702-37397-40501-40600-42288-42803-53084-53400-76502-79587-81905-85805-89295,12655-1051-2889-5108-6797-104-1098-7695-3104-99-1688-515-10281-316-23102-3085-2318-3900-3490-10705
single_runs_50,False,C0000-C0101-C1111-C0101-C0000-C0101-C1111-C0101-C1111-C0101-C1111-C1010-C0101-C0000-C0101-C0000-C0101-C1111-C0101-C1111-C1010-C0000-C1010-C0101-C1111-C0101-C0000-C1111-C0101-C1111-C0101-C1111-C1010-C0101-C1010-C0101-C1111-C1010-C0101-C1010-C0000-C1010-C0000-C0101-C0000-C0101-C1010-C0000-C0101-C0000-C1010-C0000-C0101-C1111-C1010-C0000-C1010-C0000-C0101-C1010-C1111-C0101-C1010-C0101-C1010-C0101-C1010-C0000-C1010-C0101-C1010-C0101-C1010-C0101-C0000-C0101-C0000-C0101-C0000-C0101-C0000-C1010-C0101-C0000-C0101-C1111-C1010-C0101-C0000-C0101-C1010-C0101-C0000-C1010-C0000-C0101-C1111-C1010-C1111-C1010-C0101-C0000-C0101-C1010-C0000-C0101-C1010-C0101-C1010-C0000-C1010-C0101-C1111-C1010-C0101-C1010-C0101-C1010-C0101-C1010-C0101-C1010-C1111-C0101-C1010-C0001-C1010-C0001-C1001-C0001-C1001-C1010-C0001-C1010-C0001-C1010-C0101,0-6146-7237-7275-9549-9709-14394-14507-15802-15908-16603-16805-16987-17800-17920-18790-18920-18945-19324-19401-19413-19499-19612-19907-20195-20285-20800-20813-20901-21003-21504-21600-21616-21701-22200-22902-22984-23095-23100-23200-23295-23464-23502-23594-23714-25364-25802-25900-26912-28411-28430-28489-29713-31801-31808-31884-32212-32301-32509-32602-32703-32773-33202-33302-33400-33504-33600-33676-33809-33901-34000-34098-34200-34300-34402-34712-34793-35515-35590-36910-37001-37027-37101-37203-37709-37801-37815-37903-38393-38682-38802-38901-39568-41001-41101-41924-42002-42016-42489-42820-42900-43195-43513-43802-44503-44566-44802-45701-46806-46811-46812-49502-50199-50219-50699-50799-51099-52402-52699-53600-54101-54200-55300-55313-55401-61097-66003-66499-68306-68603-70144-75003-75899-80203-81300-99610-99898,6146-1091-38-2274-160-4685-113-1295-106-695-202-182-813-120-870-130-25-379-77-12-86-113-295-288-90-515-13-88-102-501-96-16-85-499-702-82-111-5-100-95-169-38-92-120-1650-438-98-1012-1499-19-59-1224-2088-7-76-328-89-208-93-101-70-429-100-98-104-96-76-133-92-99-98-102-100-102-310-81-722-75-1320-91-26-74-102-506-92-14-88-490-289-120-99-667-1433-100-823-78-14-473-331-80-295-318-289-701-63-236-899-1105-5-1-2690-697-20-480-100-300-1303-297-901-501-99-1100-13-88-5696-4906-496-1807-297-1541-4859-896-4304-1097-18310-288-102
single_runs_6,True,C0000-C0101-C1010-C0000-C1010-C0000-C0101-C1010-C0000-C0001-C1011-C0001-C1011-C0001-C1011-C1111-C1011-C0001-C1001-C1011-C1101-C0101-C1011-C0101-C1011-C0001-C0101-C1011-C0101-C1011-C0001-C1011-C0101-C1011-C1010-C1001,0-6315-6403-7122-7199-16079-16114-16209-16309-17519-19375-19917-20016-20521-21621-21845-21914-22093-22935-24794-26526-26766-26801-26929-27001-27135-27140-27199-27316-27403-27518-28198-29309-29402-29463-29486,6315-88-719-77-8880-35-95-100-1210-1856-542-99-505-1100-224-69-179-842-1859-1732-240-35-128-72-134-5-59-117-87-115-680-1111-93-61-23-70514
single_runs_7,True,C0000-C1010-C0101-C0000-C0001-C1001-C1101-C1001-C1101-C1111-C1001-C1011-C1001-C1011-C1001,0-5221-5695-5972-6646-7798-8908-12173-12256-13119-13206-13841-13947-13954-13971,5221-474-277-674-1152-1110-3265-83-863-87-635-106-7-17-86029
single_runs_8,True,C0000-C0101-C1010-C0000-C0101-C1010-C0101-C0000-C0101-C0000-C0101-C0000-C0101-C0000-C0101-C0000-C0101-C0000-C0101-C0000-C0101-C1010-C0101-C1101-C1001-C1101-C0101-C1101-C1001-C0101-C1001-C0101-C1001,0-7068-7202-7905-7931-8189-8529-9381-9421-9974-10133-10200-10328-10402-10735-10799-10909-11199-11312-11598-11714-11993-17899-26940-27013-51326-67708-67713-68602-69926-70001-84709-84775,7068-134-703-26-258-340-852-40-553-159-67-128-74-333-64-110-290-113-286-116-279-5906-9041-73-24313-16382-5-889-1324-75-14708-66-15225
single_runs_9,True,C0000-C0101-C0000-C1010-C0101-C1010-C0000-C1010-C1111-C1010-C0101-C0000-C0101-C1010-C0101-C1010-C0101-C1010-C0101-C1010-C0101-C1010-C0000-C1010-C1011-C0001-C0101-C1011-C0001-C0101-C1011-C1010-C1001,0-7723-7767-9240-15903-16802-20498-20617-20701-20716-21101-21994-22310-22802-23700-23800-23897-24000-24102-24202-24299-24796-25103-25809-26018-26101-26107-26201-26318-26321-26400-30041-30090,7723-44-1473-6663-899-3696-119-84-15-385-893-316-492-898-100-97-103-102-100-97-497-307-706-209-83-6-94-117-3-79-3641-49-69910
